{
    "variables": [],
    "info": {
        "name": "Student Management System API",
        "_postman_id": "3d52e4e9-a9e9-4e1e-9a56-0b9e86474049",
        "description": "Student Management System Supported APIs in V1",
        "schema": "https:\/\/schema.getpostman.com\/json\/collection\/v2.0.0\/collection.json"
    },
    "item": [
        {
            "name": "Access Control",
            "description": "",
            "item": [
                {
                    "name": "api\/v1\/permissions",
                    "request": {
                        "url": {
                            "protocol": "http",
                            "host": "localhost",
                            "path": "api\/v1\/permissions",
                            "query": []
                        },
                        "method": "GET",
                        "header": [
                            {
                                "key": "Content-Type",
                                "value": "application\/json"
                            },
                            {
                                "key": "Accept",
                                "value": "application\/json"
                            },
                            {
                                "key": "Authorization",
                                "value": "Bearer {token}"
                            }
                        ],
                        "body": {
                            "mode": "raw",
                            "raw": "[]"
                        },
                        "description": "",
                        "response": []
                    }
                },
                {
                    "name": "api\/v1\/roles",
                    "request": {
                        "url": {
                            "protocol": "http",
                            "host": "localhost",
                            "path": "api\/v1\/roles",
                            "query": []
                        },
                        "method": "GET",
                        "header": [
                            {
                                "key": "Content-Type",
                                "value": "application\/json"
                            },
                            {
                                "key": "Accept",
                                "value": "application\/json"
                            },
                            {
                                "key": "Authorization",
                                "value": "Bearer {token}"
                            }
                        ],
                        "body": {
                            "mode": "raw",
                            "raw": "[]"
                        },
                        "description": "",
                        "response": []
                    }
                },
                {
                    "name": "api\/v1\/roles",
                    "request": {
                        "url": {
                            "protocol": "http",
                            "host": "localhost",
                            "path": "api\/v1\/roles",
                            "query": []
                        },
                        "method": "POST",
                        "header": [
                            {
                                "key": "Content-Type",
                                "value": "application\/json"
                            },
                            {
                                "key": "Accept",
                                "value": "application\/json"
                            },
                            {
                                "key": "Authorization",
                                "value": "Bearer {token}"
                            }
                        ],
                        "body": {
                            "mode": "raw",
                            "raw": "[]"
                        },
                        "description": "",
                        "response": []
                    }
                },
                {
                    "name": "api\/v1\/roles\/{role}",
                    "request": {
                        "url": {
                            "protocol": "http",
                            "host": "localhost",
                            "path": "api\/v1\/roles\/:role",
                            "query": []
                        },
                        "method": "PUT",
                        "header": [
                            {
                                "key": "Content-Type",
                                "value": "application\/json"
                            },
                            {
                                "key": "Accept",
                                "value": "application\/json"
                            },
                            {
                                "key": "Authorization",
                                "value": "Bearer {token}"
                            }
                        ],
                        "body": {
                            "mode": "raw",
                            "raw": "[]"
                        },
                        "description": "",
                        "response": []
                    }
                },
                {
                    "name": "api\/v1\/roles\/{role}",
                    "request": {
                        "url": {
                            "protocol": "http",
                            "host": "localhost",
                            "path": "api\/v1\/roles\/:role",
                            "query": []
                        },
                        "method": "DELETE",
                        "header": [
                            {
                                "key": "Content-Type",
                                "value": "application\/json"
                            },
                            {
                                "key": "Accept",
                                "value": "application\/json"
                            },
                            {
                                "key": "Authorization",
                                "value": "Bearer {token}"
                            }
                        ],
                        "body": {
                            "mode": "raw",
                            "raw": "[]"
                        },
                        "description": "",
                        "response": []
                    }
                },
                {
                    "name": "api\/v1\/roles\/{role}\/addUser\/{user}",
                    "request": {
                        "url": {
                            "protocol": "http",
                            "host": "localhost",
                            "path": "api\/v1\/roles\/:role\/addUser\/:user",
                            "query": []
                        },
                        "method": "POST",
                        "header": [
                            {
                                "key": "Content-Type",
                                "value": "application\/json"
                            },
                            {
                                "key": "Accept",
                                "value": "application\/json"
                            },
                            {
                                "key": "Authorization",
                                "value": "Bearer {token}"
                            }
                        ],
                        "body": {
                            "mode": "raw",
                            "raw": "[]"
                        },
                        "description": "",
                        "response": []
                    }
                },
                {
                    "name": "api\/v1\/roles\/{role}\/removeUser\/{user}",
                    "request": {
                        "url": {
                            "protocol": "http",
                            "host": "localhost",
                            "path": "api\/v1\/roles\/:role\/removeUser\/:user",
                            "query": []
                        },
                        "method": "POST",
                        "header": [
                            {
                                "key": "Content-Type",
                                "value": "application\/json"
                            },
                            {
                                "key": "Accept",
                                "value": "application\/json"
                            },
                            {
                                "key": "Authorization",
                                "value": "Bearer {token}"
                            }
                        ],
                        "body": {
                            "mode": "raw",
                            "raw": "[]"
                        },
                        "description": "",
                        "response": []
                    }
                }
            ]
        },
        {
            "name": "Authentication",
            "description": "\nAPIs for managing user",
            "item": [
                {
                    "name": "api\/v1\/login",
                    "request": {
                        "url": {
                            "protocol": "http",
                            "host": "localhost",
                            "path": "api\/v1\/login",
                            "query": []
                        },
                        "method": "POST",
                        "header": [
                            {
                                "key": "Content-Type",
                                "value": "application\/json"
                            },
                            {
                                "key": "Accept",
                                "value": "application\/json"
                            },
                            {
                                "key": "Authorization",
                                "value": "Bearer {token}"
                            }
                        ],
                        "body": {
                            "mode": "raw",
                            "raw": "[]"
                        },
                        "description": "",
                        "response": []
                    }
                },
                {
                    "name": "api\/v1\/register",
                    "request": {
                        "url": {
                            "protocol": "http",
                            "host": "localhost",
                            "path": "api\/v1\/register",
                            "query": []
                        },
                        "method": "POST",
                        "header": [
                            {
                                "key": "Content-Type",
                                "value": "application\/json"
                            },
                            {
                                "key": "Accept",
                                "value": "application\/json"
                            },
                            {
                                "key": "Authorization",
                                "value": "Bearer {token}"
                            }
                        ],
                        "body": {
                            "mode": "raw",
                            "raw": "[]"
                        },
                        "description": "",
                        "response": []
                    }
                },
                {
                    "name": "api\/v1\/logout",
                    "request": {
                        "url": {
                            "protocol": "http",
                            "host": "localhost",
                            "path": "api\/v1\/logout",
                            "query": []
                        },
                        "method": "GET",
                        "header": [
                            {
                                "key": "Content-Type",
                                "value": "application\/json"
                            },
                            {
                                "key": "Accept",
                                "value": "application\/json"
                            },
                            {
                                "key": "Authorization",
                                "value": "Bearer {token}"
                            }
                        ],
                        "body": {
                            "mode": "raw",
                            "raw": "[]"
                        },
                        "description": "",
                        "response": []
                    }
                }
            ]
        },
        {
            "name": "Base User management",
            "description": "\nAPIs for managing base user profiles",
            "item": [
                {
                    "name": "Get logged-in user's profile",
                    "request": {
                        "url": {
                            "protocol": "http",
                            "host": "localhost",
                            "path": "api\/v1\/user",
                            "query": [
                                {
                                    "key": "include",
                                    "value": "roles",
                                    "description": "include a relationship in response.",
                                    "disabled": false
                                },
                                {
                                    "key": "append",
                                    "value": "all_permissions",
                                    "description": "append a computed attribute to response.",
                                    "disabled": false
                                }
                            ]
                        },
                        "method": "GET",
                        "header": [
                            {
                                "key": "Content-Type",
                                "value": "application\/json"
                            },
                            {
                                "key": "Accept",
                                "value": "application\/json"
                            },
                            {
                                "key": "Authorization",
                                "value": "Bearer {token}"
                            }
                        ],
                        "body": {
                            "mode": "raw",
                            "raw": "[]"
                        },
                        "description": "",
                        "response": []
                    }
                },
                {
                    "name": "List all User profiles",
                    "request": {
                        "url": {
                            "protocol": "http",
                            "host": "localhost",
                            "path": "api\/v1\/users",
                            "query": [
                                {
                                    "key": "filter_base_role",
                                    "value": "Student%2CParent",
                                    "description": "include only specified base_role in response.",
                                    "disabled": false
                                },
                                {
                                    "key": "filter_phone_number",
                                    "value": "7760041698%2C",
                                    "description": "include only specified phone_number in response.",
                                    "disabled": false
                                },
                                {
                                    "key": "filter_alternate_phone_number",
                                    "value": "8892497966%2C",
                                    "description": "include only specified alternate_phone_number in response.",
                                    "disabled": false
                                },
                                {
                                    "key": "filter_status",
                                    "value": "Active%2C",
                                    "description": "include only specified status in response.",
                                    "disabled": false
                                },
                                {
                                    "key": "filter_last_updated_by",
                                    "value": "1%2C",
                                    "description": "include only specified last_updated_by in response.",
                                    "disabled": false
                                },
                                {
                                    "key": "filter_email",
                                    "value": "sapnesh%40kerneldev.com%2C",
                                    "description": "include only specified email in response.",
                                    "disabled": false
                                },
                                {
                                    "key": "include",
                                    "value": "student%2Cstaff%2Cparent%2Croles%2Cpermissions",
                                    "description": "include specified relationship in response.",
                                    "disabled": false
                                }
                            ]
                        },
                        "method": "GET",
                        "header": [
                            {
                                "key": "Content-Type",
                                "value": "application\/json"
                            },
                            {
                                "key": "Accept",
                                "value": "application\/json"
                            },
                            {
                                "key": "Authorization",
                                "value": "Bearer {token}"
                            }
                        ],
                        "body": {
                            "mode": "raw",
                            "raw": "[]"
                        },
                        "description": "This endpoint supports pagination\n\"View All Users\" permission is required to access this endpoint.",
                        "response": []
                    }
                },
                {
                    "name": "Get Any User's profile",
                    "request": {
                        "url": {
                            "protocol": "http",
                            "host": "localhost",
                            "path": "api\/v1\/users\/:user",
                            "query": [
                                {
                                    "key": "include",
                                    "value": "roles",
                                    "description": "include a relationship in response.",
                                    "disabled": false
                                },
                                {
                                    "key": "append",
                                    "value": "all_permissions",
                                    "description": "append a computed attribute to response.",
                                    "disabled": false
                                }
                            ]
                        },
                        "method": "GET",
                        "header": [
                            {
                                "key": "Content-Type",
                                "value": "application\/json"
                            },
                            {
                                "key": "Accept",
                                "value": "application\/json"
                            },
                            {
                                "key": "Authorization",
                                "value": "Bearer {token}"
                            }
                        ],
                        "body": {
                            "mode": "raw",
                            "raw": "[]"
                        },
                        "description": "\"View All Users\" permission is required to access this endpoint",
                        "response": []
                    }
                },
                {
                    "name": "Update User Profile Details",
                    "request": {
                        "url": {
                            "protocol": "http",
                            "host": "localhost",
                            "path": "api\/v1\/users\/:user",
                            "query": []
                        },
                        "method": "PUT",
                        "header": [
                            {
                                "key": "Content-Type",
                                "value": "application\/json"
                            },
                            {
                                "key": "Accept",
                                "value": "application\/json"
                            },
                            {
                                "key": "Authorization",
                                "value": "Bearer {token}"
                            }
                        ],
                        "body": {
                            "mode": "raw",
                            "raw": "{\n    \"email\": \"sapnesh@kerneldev.com\",\n    \"phone_number\": \"7760041698\",\n    \"alternate_phone_number\": \"cum\",\n    \"password\": \"suscipit\",\n    \"password_confirmation\": \"et\"\n}"
                        },
                        "description": "A User can update their own profile or \"Edit All Users\" permission is required to edit other User's details\nOnly A Super Admin can update another Super Admin's Profile",
                        "response": []
                    }
                }
            ]
        },
        {
            "name": "general",
            "description": "",
            "item": [
                {
                    "name": "Get the authenticated User",
                    "request": {
                        "url": {
                            "protocol": "http",
                            "host": "localhost",
                            "path": "api\/v1\/student",
                            "query": []
                        },
                        "method": "GET",
                        "header": [
                            {
                                "key": "Content-Type",
                                "value": "application\/json"
                            },
                            {
                                "key": "Accept",
                                "value": "application\/json"
                            },
                            {
                                "key": "Authorization",
                                "value": "Bearer {token}"
                            }
                        ],
                        "body": {
                            "mode": "raw",
                            "raw": "[]"
                        },
                        "description": "",
                        "response": []
                    }
                },
                {
                    "name": "Display a listing of the resource.",
                    "request": {
                        "url": {
                            "protocol": "http",
                            "host": "localhost",
                            "path": "api\/v1\/students",
                            "query": []
                        },
                        "method": "GET",
                        "header": [
                            {
                                "key": "Content-Type",
                                "value": "application\/json"
                            },
                            {
                                "key": "Accept",
                                "value": "application\/json"
                            },
                            {
                                "key": "Authorization",
                                "value": "Bearer {token}"
                            }
                        ],
                        "body": {
                            "mode": "raw",
                            "raw": "[]"
                        },
                        "description": "",
                        "response": []
                    }
                },
                {
                    "name": "Store a newly created resource in storage.",
                    "request": {
                        "url": {
                            "protocol": "http",
                            "host": "localhost",
                            "path": "api\/v1\/students\/:user",
                            "query": []
                        },
                        "method": "POST",
                        "header": [
                            {
                                "key": "Content-Type",
                                "value": "application\/json"
                            },
                            {
                                "key": "Accept",
                                "value": "application\/json"
                            },
                            {
                                "key": "Authorization",
                                "value": "Bearer {token}"
                            }
                        ],
                        "body": {
                            "mode": "raw",
                            "raw": "[]"
                        },
                        "description": "",
                        "response": []
                    }
                },
                {
                    "name": "Display the specified resource.",
                    "request": {
                        "url": {
                            "protocol": "http",
                            "host": "localhost",
                            "path": "api\/v1\/students\/:user",
                            "query": []
                        },
                        "method": "GET",
                        "header": [
                            {
                                "key": "Content-Type",
                                "value": "application\/json"
                            },
                            {
                                "key": "Accept",
                                "value": "application\/json"
                            },
                            {
                                "key": "Authorization",
                                "value": "Bearer {token}"
                            }
                        ],
                        "body": {
                            "mode": "raw",
                            "raw": "[]"
                        },
                        "description": "",
                        "response": []
                    }
                },
                {
                    "name": "Update the specified resource in storage.",
                    "request": {
                        "url": {
                            "protocol": "http",
                            "host": "localhost",
                            "path": "api\/v1\/students\/:user",
                            "query": []
                        },
                        "method": "PUT",
                        "header": [
                            {
                                "key": "Content-Type",
                                "value": "application\/json"
                            },
                            {
                                "key": "Accept",
                                "value": "application\/json"
                            },
                            {
                                "key": "Authorization",
                                "value": "Bearer {token}"
                            }
                        ],
                        "body": {
                            "mode": "raw",
                            "raw": "[]"
                        },
                        "description": "",
                        "response": []
                    }
                },
                {
                    "name": "Get the authenticated User",
                    "request": {
                        "url": {
                            "protocol": "http",
                            "host": "localhost",
                            "path": "api\/v1\/parent",
                            "query": []
                        },
                        "method": "GET",
                        "header": [
                            {
                                "key": "Content-Type",
                                "value": "application\/json"
                            },
                            {
                                "key": "Accept",
                                "value": "application\/json"
                            },
                            {
                                "key": "Authorization",
                                "value": "Bearer {token}"
                            }
                        ],
                        "body": {
                            "mode": "raw",
                            "raw": "[]"
                        },
                        "description": "",
                        "response": []
                    }
                },
                {
                    "name": "Display a listing of the resource.",
                    "request": {
                        "url": {
                            "protocol": "http",
                            "host": "localhost",
                            "path": "api\/v1\/parents",
                            "query": []
                        },
                        "method": "GET",
                        "header": [
                            {
                                "key": "Content-Type",
                                "value": "application\/json"
                            },
                            {
                                "key": "Accept",
                                "value": "application\/json"
                            },
                            {
                                "key": "Authorization",
                                "value": "Bearer {token}"
                            }
                        ],
                        "body": {
                            "mode": "raw",
                            "raw": "[]"
                        },
                        "description": "",
                        "response": []
                    }
                },
                {
                    "name": "Store a newly created resource in storage.",
                    "request": {
                        "url": {
                            "protocol": "http",
                            "host": "localhost",
                            "path": "api\/v1\/parents\/:user",
                            "query": []
                        },
                        "method": "POST",
                        "header": [
                            {
                                "key": "Content-Type",
                                "value": "application\/json"
                            },
                            {
                                "key": "Accept",
                                "value": "application\/json"
                            },
                            {
                                "key": "Authorization",
                                "value": "Bearer {token}"
                            }
                        ],
                        "body": {
                            "mode": "raw",
                            "raw": "[]"
                        },
                        "description": "",
                        "response": []
                    }
                },
                {
                    "name": "Display the specified resource.",
                    "request": {
                        "url": {
                            "protocol": "http",
                            "host": "localhost",
                            "path": "api\/v1\/parents\/:user",
                            "query": []
                        },
                        "method": "GET",
                        "header": [
                            {
                                "key": "Content-Type",
                                "value": "application\/json"
                            },
                            {
                                "key": "Accept",
                                "value": "application\/json"
                            },
                            {
                                "key": "Authorization",
                                "value": "Bearer {token}"
                            }
                        ],
                        "body": {
                            "mode": "raw",
                            "raw": "[]"
                        },
                        "description": "",
                        "response": []
                    }
                },
                {
                    "name": "Update the specified resource in storage.",
                    "request": {
                        "url": {
                            "protocol": "http",
                            "host": "localhost",
                            "path": "api\/v1\/parents\/:user",
                            "query": []
                        },
                        "method": "PUT",
                        "header": [
                            {
                                "key": "Content-Type",
                                "value": "application\/json"
                            },
                            {
                                "key": "Accept",
                                "value": "application\/json"
                            },
                            {
                                "key": "Authorization",
                                "value": "Bearer {token}"
                            }
                        ],
                        "body": {
                            "mode": "raw",
                            "raw": "[]"
                        },
                        "description": "",
                        "response": []
                    }
                },
                {
                    "name": "Get the authenticated User",
                    "request": {
                        "url": {
                            "protocol": "http",
                            "host": "localhost",
                            "path": "api\/v1\/admin",
                            "query": []
                        },
                        "method": "GET",
                        "header": [
                            {
                                "key": "Content-Type",
                                "value": "application\/json"
                            },
                            {
                                "key": "Accept",
                                "value": "application\/json"
                            },
                            {
                                "key": "Authorization",
                                "value": "Bearer {token}"
                            }
                        ],
                        "body": {
                            "mode": "raw",
                            "raw": "[]"
                        },
                        "description": "",
                        "response": []
                    }
                },
                {
                    "name": "Display a listing of the resource.",
                    "request": {
                        "url": {
                            "protocol": "http",
                            "host": "localhost",
                            "path": "api\/v1\/admins",
                            "query": []
                        },
                        "method": "GET",
                        "header": [
                            {
                                "key": "Content-Type",
                                "value": "application\/json"
                            },
                            {
                                "key": "Accept",
                                "value": "application\/json"
                            },
                            {
                                "key": "Authorization",
                                "value": "Bearer {token}"
                            }
                        ],
                        "body": {
                            "mode": "raw",
                            "raw": "[]"
                        },
                        "description": "",
                        "response": []
                    }
                },
                {
                    "name": "Store a newly created resource in storage.",
                    "request": {
                        "url": {
                            "protocol": "http",
                            "host": "localhost",
                            "path": "api\/v1\/admins\/:user",
                            "query": []
                        },
                        "method": "POST",
                        "header": [
                            {
                                "key": "Content-Type",
                                "value": "application\/json"
                            },
                            {
                                "key": "Accept",
                                "value": "application\/json"
                            },
                            {
                                "key": "Authorization",
                                "value": "Bearer {token}"
                            }
                        ],
                        "body": {
                            "mode": "raw",
                            "raw": "[]"
                        },
                        "description": "",
                        "response": []
                    }
                },
                {
                    "name": "Display the specified resource.",
                    "request": {
                        "url": {
                            "protocol": "http",
                            "host": "localhost",
                            "path": "api\/v1\/admins\/:user",
                            "query": []
                        },
                        "method": "GET",
                        "header": [
                            {
                                "key": "Content-Type",
                                "value": "application\/json"
                            },
                            {
                                "key": "Accept",
                                "value": "application\/json"
                            },
                            {
                                "key": "Authorization",
                                "value": "Bearer {token}"
                            }
                        ],
                        "body": {
                            "mode": "raw",
                            "raw": "[]"
                        },
                        "description": "",
                        "response": []
                    }
                },
                {
                    "name": "Update the specified resource in storage.",
                    "request": {
                        "url": {
                            "protocol": "http",
                            "host": "localhost",
                            "path": "api\/v1\/admins\/:user",
                            "query": []
                        },
                        "method": "PUT",
                        "header": [
                            {
                                "key": "Content-Type",
                                "value": "application\/json"
                            },
                            {
                                "key": "Accept",
                                "value": "application\/json"
                            },
                            {
                                "key": "Authorization",
                                "value": "Bearer {token}"
                            }
                        ],
                        "body": {
                            "mode": "raw",
                            "raw": "[]"
                        },
                        "description": "",
                        "response": []
                    }
                },
                {
                    "name": "Get the authenticated User",
                    "request": {
                        "url": {
                            "protocol": "http",
                            "host": "localhost",
                            "path": "api\/v1\/staff",
                            "query": []
                        },
                        "method": "GET",
                        "header": [
                            {
                                "key": "Content-Type",
                                "value": "application\/json"
                            },
                            {
                                "key": "Accept",
                                "value": "application\/json"
                            },
                            {
                                "key": "Authorization",
                                "value": "Bearer {token}"
                            }
                        ],
                        "body": {
                            "mode": "raw",
                            "raw": "[]"
                        },
                        "description": "",
                        "response": []
                    }
                },
                {
                    "name": "Display a listing of the resource.",
                    "request": {
                        "url": {
                            "protocol": "http",
                            "host": "localhost",
                            "path": "api\/v1\/staffs",
                            "query": []
                        },
                        "method": "GET",
                        "header": [
                            {
                                "key": "Content-Type",
                                "value": "application\/json"
                            },
                            {
                                "key": "Accept",
                                "value": "application\/json"
                            },
                            {
                                "key": "Authorization",
                                "value": "Bearer {token}"
                            }
                        ],
                        "body": {
                            "mode": "raw",
                            "raw": "[]"
                        },
                        "description": "",
                        "response": []
                    }
                },
                {
                    "name": "Store a newly created resource in storage.",
                    "request": {
                        "url": {
                            "protocol": "http",
                            "host": "localhost",
                            "path": "api\/v1\/staffs\/:user",
                            "query": []
                        },
                        "method": "POST",
                        "header": [
                            {
                                "key": "Content-Type",
                                "value": "application\/json"
                            },
                            {
                                "key": "Accept",
                                "value": "application\/json"
                            },
                            {
                                "key": "Authorization",
                                "value": "Bearer {token}"
                            }
                        ],
                        "body": {
                            "mode": "raw",
                            "raw": "[]"
                        },
                        "description": "",
                        "response": []
                    }
                },
                {
                    "name": "Display the specified resource.",
                    "request": {
                        "url": {
                            "protocol": "http",
                            "host": "localhost",
                            "path": "api\/v1\/staffs\/:user",
                            "query": []
                        },
                        "method": "GET",
                        "header": [
                            {
                                "key": "Content-Type",
                                "value": "application\/json"
                            },
                            {
                                "key": "Accept",
                                "value": "application\/json"
                            },
                            {
                                "key": "Authorization",
                                "value": "Bearer {token}"
                            }
                        ],
                        "body": {
                            "mode": "raw",
                            "raw": "[]"
                        },
                        "description": "",
                        "response": []
                    }
                },
                {
                    "name": "Update the specified resource in storage.",
                    "request": {
                        "url": {
                            "protocol": "http",
                            "host": "localhost",
                            "path": "api\/v1\/staffs\/:user",
                            "query": []
                        },
                        "method": "PUT",
                        "header": [
                            {
                                "key": "Content-Type",
                                "value": "application\/json"
                            },
                            {
                                "key": "Accept",
                                "value": "application\/json"
                            },
                            {
                                "key": "Authorization",
                                "value": "Bearer {token}"
                            }
                        ],
                        "body": {
                            "mode": "raw",
                            "raw": "[]"
                        },
                        "description": "",
                        "response": []
                    }
                }
            ]
        }
    ],
    "auth": "bearer"
}